<?xml version="1.0" encoding="UTF-8"?><rss version="2.0"
	xmlns:content="http://purl.org/rss/1.0/modules/content/"
	xmlns:dc="http://purl.org/dc/elements/1.1/"
	xmlns:atom="http://www.w3.org/2005/Atom"
	xmlns:sy="http://purl.org/rss/1.0/modules/syndication/"
	
	>
<channel>
	<title>
	Comentários sobre felipeTB	</title>
	<atom:link href="/index.php/comments/feed/" rel="self" type="application/rss+xml" />
	<link></link>
	<description></description>
	<lastBuildDate>Tue, 13 Jun 2023 22:06:19 +0000</lastBuildDate>
	<sy:updatePeriod>
	hourly	</sy:updatePeriod>
	<sy:updateFrequency>
	1	</sy:updateFrequency>
	<generator>https://wordpress.org/?v=6.2.2</generator>
	<item>
		<title>
		Comentário sobre Olá, mundo! por Um comentarista do WordPress		</title>
		<link>/index.php/2023/06/13/ola-mundo/#comment-1</link>

		<dc:creator><![CDATA[Um comentarista do WordPress]]></dc:creator>
		<pubDate>Tue, 13 Jun 2023 22:06:19 +0000</pubDate>
		<guid isPermaLink="false">/?p=1#comment-1</guid>

					<description><![CDATA[Oi, isto é um comentário.
Para iniciar a moderar, editar e excluir comentários, visite a tela Comentários no painel.
Os avatares dos comentaristas vêm do &lt;a href=&quot;https://br.gravatar.com/&quot;&gt;Gravatar&lt;/a&gt;.]]></description>
			<content:encoded><![CDATA[<p>Oi, isto é um comentário.<br />
Para iniciar a moderar, editar e excluir comentários, visite a tela Comentários no painel.<br />
Os avatares dos comentaristas vêm do <a href="https://br.gravatar.com/">Gravatar</a>.</p>
]]></content:encoded>
		
			</item>
	</channel>
</rss>
